0,ülejärgmisel,A,A,A
1,päeval,S,S,S
2,oli,V,V,V
3,õnn,S,S,S
4,ta,P,P,P
5,maha,D,D,D
6,jätnud,V,V,V
7,.,Z,Z,Z
8,ta,P,P,P
9,oli,V,V,V
10,sattunud,V,V,V
11,külla,S,S,S
12,",",Z,Z,Z
13,mis,P,P,P
14,varahommikul,S,S,S
15,sakslaste,S,S,S
16,poolt,K,K,K
17,ümber,D,D,D
18,piirati,S,S,V
19,.,Z,Z,Z
20,ta,P,P,P
21,oli,V,V,V
22,maganud,V,V,V
23,raskelt,D,D,D
24,ega,J,J,J
25,ärganud,V,V,V
26,enne,K,D,D
27,",",Z,Z,Z
28,kui,J,J,J
29,automaatidega,S,S,S
30,fritsud,S,S,A
31,uksel,S,S,S
32,seisid,V,V,V
33,.,Z,Z,Z
34,teda,P,P,P
35,peeti,V,V,V
36,üheks,P,N,P
37,neist,P,P,P
38,",",Z,Z,Z
39,kes,P,P,P
40,olid,V,V,V
41,öösi,S,S,A
42,sakslaste,S,S,S
43,sõjaväe,S,S,S
44,veoautosid,S,S,S
45,tulistanud,S,S,Z
46,ja,J,J,J
47,kümmekond,N,N,N
48,fritsu,S,S,Z
49,tapnud,V,V,V
50,.,Z,Z,Z
51,ta,P,P,P
52,peksti,V,V,V
53,armutult,D,D,D
54,läbi,D,K,D
55,",",Z,Z,Z
56,sakslased,S,S,S
57,olid,V,V,V
58,omavahel,D,D,D
59,vaielnud,V,V,V
60,",",Z,Z,Z
61,kas,D,D,D
62,teda,P,P,P
63,kohapeal,D,D,D
64,oksa,S,S,S
65,tõmmata,V,V,V
66,või,J,J,J
67,kingisseppa,S,S,P
68,viia,V,V,V
69,.,Z,Z,Z
70,nähtavasti,D,D,D
71,loodeti,V,V,V
72,talt,P,P,P
73,midagi,P,P,P
74,välja,D,D,D
75,pressida,V,V,V
76,",",Z,Z,Z
77,muidu,D,D,D
78,oleks,V,V,V
79,ta,P,P,P
80,otsekohe,D,D,D
81,vagaseks,A,A,A
82,tehtud,V,V,A
83,.,Z,Z,Z
84,kingissepas,S,S,P
85,oli,V,V,V
86,talle,P,P,P
87,meenunud,V,V,V
88,õpetaja,S,S,S
89,juhani,S,S,S
90,nõuanne,S,S,Z
91,ja,J,J,J
92,ta,P,P,P
93,ütles,V,V,V
94,",",Z,Z,Z
95,et,J,J,J
96,tuleb,V,V,V
97,eestist,S,S,S
98,",",Z,Z,Z
99,kuhu,D,D,D
100,teda,P,P,P
101,oli,V,V,V
102,1939.,N,N,N
103,aasta,S,S,S
104,lõpul,S,S,S
105,tööle,S,S,S
106,saadetud,A,V,V
107,.,Z,Z,Z
108,kingissepas,S,S,P
109,oli,V,V,V
110,teda,P,P,P
111,hoitud,V,V,A
112,nädal,S,S,S
113,aega,S,S,S
114,",",Z,Z,Z
115,iga,P,P,P
116,päev,S,S,S
117,oli,V,V,V
118,teda,P,P,P
119,uuesti,D,D,D
120,üle,K,D,D
121,kuulatud,A,A,A
122,ja,J,J,J
123,kahel,N,N,N
124,korral,S,K,S
125,jällegi,D,D,D
126,läbi,D,D,D
127,pekstud,V,V,V
128,.,Z,Z,Z
129,midagi,P,P,P
130,muud,P,P,P
131,ta,P,P,P
132,polnud,V,V,V
133,rääkinud,V,V,V
134,.,Z,Z,Z
135,raiunud,S,S,D
136,ikka,D,D,D
137,ühte,N,D,N
138,ja,J,J,J
139,sedasama,P,P,P
140,.,Z,Z,Z
141,kingissepast,S,S,P
142,saadeti,V,V,V
143,narva,S,S,S
144,",",Z,Z,Z
145,kus,D,D,D
146,paigutati,V,V,V
147,laagrisse,S,S,S
148,",",Z,Z,Z
149,mida,P,P,P
150,kutsuti,V,V,V
151,punasteks,S,S,Z
152,kasarmuteks,S,S,N
153,",",Z,Z,Z
154,kus,D,D,D
155,inimesi,S,S,S
156,suri,V,V,V
157,nagu,J,J,J
158,kärbseid,S,S,S
159,.,Z,Z,Z
160,koos,K,K,D
161,kolme,N,N,N
162,mehega,S,S,S
163,",",Z,Z,Z
164,kellest,P,P,P
165,üks,P,N,P
166,oli,V,V,V
167,olnud,V,V,V
168,laskurroodu,S,S,A
169,ülem,S,S,S
170,",",Z,Z,Z
171,teine,N,N,N
172,suurtükisihtur,S,S,Z
173,ja,J,J,J
174,kolmas,N,N,N
175,sapöör,S,S,N
176,",",Z,Z,Z
177,otsustasid,V,V,V
178,nad,P,P,P
179,põgeneda,V,V,V
180,",",Z,Z,Z
181,paraku,D,D,D
182,suri,V,V,V
183,roodukomandör,S,S,S
184,",",Z,Z,Z
185,äärmiselt,D,D,D
186,meelekindel,S,S,A
187,leitnant,S,S,S
188,pjotr,S,S,Z
189,fjodorovitš,S,S,N
190,",",Z,Z,Z
191,tüüfusesse,S,S,N
192,.,Z,Z,Z
193,sihturi,S,S,P
194,peksid,V,V,V
195,valvurid,S,S,S
196,asja,S,S,S
197,eest,K,K,K
198,teist,N,N,P
199,taga,K,K,K
200,vigaseks,A,A,A
201,",",Z,Z,Z
202,nad,P,P,P
203,vihkasid,V,V,V
204,seda,P,P,P
205,lõbusat,A,A,A
206,valgevenelast,S,S,S
207,",",Z,Z,Z
208,kes,P,P,P
209,pisut,D,D,D
210,saksa,S,S,G
211,keelt,S,S,S
212,tönkas,S,S,Z
213,ja,J,J,J
214,neid,P,P,P
215,pilgata,S,S,A
216,söandas,S,S,S
217,.,Z,Z,Z
218,põgeneda,V,V,V
219,õnnestus,V,V,V
220,tal,P,P,P
221,koos,K,K,K
222,ühe,N,N,N
223,sapööriga,S,S,Y
224,kaks,N,N,N
225,kuud,S,S,S
226,hiljem,D,D,D
227,",",Z,Z,Z
228,kui,J,J,J
229,sadakond,N,N,N
230,vangi,S,S,S
231,ootamatult,D,D,D
232,rivvi,S,S,A
233,käsutati,S,S,S
234,",",Z,Z,Z
235,senised,A,A,A
236,riided,S,S,S
237,vastikult,D,D,T
238,haisvate,S,S,T
239,triibuliste,S,S,T
240,vangikaltsude,S,S,T
241,vastu,K,K,K
242,vahetama,V,V,V
243,sunniti,V,V,V
244,",",Z,Z,Z
245,valvurite,S,S,S
246,vahel,K,K,K
247,jaama,S,S,S
248,viidi,V,V,V
249,ja,J,J,J
250,ühte,N,N,N
251,kaubavagunisse,S,S,Y
252,kiiluti,S,S,N
253,.,Z,Z,Z
254,nad,P,P,P
255,hüppasid,V,V,V
256,välja,D,D,D
257,täiskiirusega,S,S,N
258,kihutavast,S,S,Y
259,rongist,S,S,N
260,;,Z,Z,Z
261,sapöör,S,S,N
262,",",Z,Z,Z
263,vaevalt,D,D,D
264,paarikümneaastane,S,S,A
265,sergei,S,S,S
266,georgijevitš,S,S,K
267,",",Z,Z,Z
268,suurte,A,A,A
269,tumedate,A,A,A
270,põlevate,S,S,S
271,silmadega,S,S,S
272,kontkõhn,S,S,Z
273,poisivibalik,S,S,N
274,",",Z,Z,Z
275,kelle,P,P,P
276,energiat,S,S,S
277,nälg,S,S,S
278,ega,J,J,J
279,kurnavad,A,A,A
280,köhahood,S,S,S
281,polnud,V,V,V
282,suutnud,V,V,V
283,vähendada,V,V,V
284,",",Z,Z,Z
285,oli,V,V,V
286,avastanud,V,V,V
287,korraga,D,D,D
288,",",Z,Z,Z
289,et,J,J,J
290,vaguni,S,S,S
291,suur,A,A,A
292,lükanduks,S,S,S
293,andis,V,V,V
294,niivõrd,D,D,D
295,järele,D,D,D
296,",",Z,Z,Z
297,et,J,J,J
298,mees,S,S,S
299,sai,V,V,V
300,sellest,P,P,P
301,külg,S,S,S
302,ees,K,K,K
303,hädavaevalt,S,S,V
304,läbi,D,D,D
305,pugeda,S,S,V
306,.,Z,Z,Z
307,mitte,D,D,D
308,see,P,P,P
309,uks,S,S,S
310,",",Z,Z,Z
311,millest,P,P,P
312,neid,P,P,P
313,oli,V,V,V
314,sisse,D,D,D
315,aetud,V,V,V
316,",",Z,Z,Z
317,vaid,J,J,J
318,vastanduks,S,S,S
319,.,Z,Z,Z
320,kas,D,D,D
321,oli,V,V,V
322,see,P,P,P
323,lohakalt,D,D,D
324,riivitud,A,A,A
325,või,J,J,J
326,meelega,S,S,S
327,korralikult,D,D,D
328,kinnitamata,V,A,V
329,jäetud,V,V,V
330,",",Z,Z,Z
331,seda,P,P,P
332,poleks,V,V,V
333,ta,P,P,P
334,praegugi,D,D,D
335,osanud,V,V,V
336,öelda,V,V,V
337,.,Z,Z,Z
338,sergei,S,S,S
339,georgijevitš,S,S,K
340,",",Z,Z,Z
341,kelle,P,P,P
342,puu,S,S,S
343,najal,K,K,K
344,kummaliselt,D,D,D
345,otseti,S,S,D
346,seisev,A,A,A
347,kangestunud,V,V,S
348,keha,S,S,S
349,talle,P,P,P
350,sageli,D,D,D
351,silmade,S,S,S
352,ette,D,D,D
353,kerkis,V,V,V
354,",",Z,Z,Z
355,ka,D,D,D
356,nüüd,D,D,D
357,",",Z,Z,Z
358,ka,D,D,D
359,siinsamas,D,D,D
360,vanglas,S,S,S
361,",",Z,Z,Z
362,kus,D,D,D
363,ta,P,P,P
364,ise,P,P,P
365,surma,S,S,S
366,ootas,V,V,V
367,",",Z,Z,Z
368,oli,V,V,V
369,tuliselt,D,D,D
370,väitnud,V,V,V
371,",",Z,Z,Z
372,et,J,J,J
373,tegemist,S,S,S
374,on,V,V,V
375,okupantide,S,S,D
376,vastu,K,K,D
377,sihitud,V,V,V
378,sabotaažiga,S,S,S
379,.,Z,Z,Z
380,õnnetu,A,A,A
381,nägi,V,V,V
382,",",Z,Z,Z
383,tahtis,V,V,V
384,kõikjal,D,D,D
385,näha,V,V,V
386,sabotaažiakte,S,S,S
387,",",Z,Z,Z
388,ta,P,P,P
389,toitis,V,V,V
390,nii,D,D,D
391,oma,P,P,P
392,optimismi,S,S,S
393,.,Z,Z,Z
394,nad,P,P,P
395,hüppasid,V,V,V
396,kahekesi,D,D,D
397,",",Z,Z,Z
398,teised,P,P,P
399,kas,D,D,D
400,olid,V,V,V
401,ootamatult,D,D,D
402,avanenud,V,V,V
403,põgenemisvõimalusest,S,S,D
404,hämmastunud,A,A,A
405,või,J,J,J
406,kartsid,V,V,V
407,hüpata,V,V,V
408,",",Z,Z,Z
409,rongi,S,S,S
410,kiirus,S,S,S
411,oli,V,V,V
412,suur,A,A,A
413,",",Z,Z,Z
414,ukseava,S,S,S
415,kitsuke,S,S,K
416,",",Z,Z,Z
417,või,J,J,J
418,olid,V,V,V
419,nad,P,P,P
420,näljast,S,S,S
421,",",Z,Z,Z
422,külmast,S,S,S
423,ja,J,J,J
424,läbielatud,A,A,A
425,vintsutustest,S,S,S
426,kaotanud,A,V,V
427,teotahte,S,S,Z
428,ja,J,J,J
429,tulevikulootuse,S,S,S
430,.,Z,Z,Z
431,punastes,S,S,J
432,kasarmutes,S,S,P
433,ei,V,V,V
434,pidanud,V,V,V
435,inimesed,S,S,S
436,kaua,D,D,D
437,vastu,D,D,D
438,",",Z,Z,Z
439,nad,P,P,P
440,sulasid,V,V,V
441,kokku,D,D,D
442,nagu,J,J,J
443,kevadine,A,A,A
444,lumi,S,S,S
445,trellitatud,S,S,A
446,akende,S,S,S
447,taga,K,K,K
448,.,Z,Z,Z
449,sergei,S,S,S
450,oli,V,V,V
451,hüpates,S,S,D
452,reieluu,S,S,D
453,murdnud,V,V,V
454,ja,J,J,J
455,poos,S,S,P
456,end,P,P,P
457,öösi,S,S,A
458,kuuse,S,S,S
459,külge,K,K,K
460,.,Z,Z,Z
461,see,P,P,P
462,oli,V,V,V
463,talle,P,P,P
464,",",Z,Z,Z
465,feodorile,S,S,N
466,",",Z,Z,Z
467,rängalt,D,D,D
468,mõjunud,V,V,V
469,",",Z,Z,Z
470,masendus,S,S,S
471,oli,V,V,V
472,teda,P,P,P
473,üleni,D,D,D
474,enda,P,P,P
475,alla,D,K,K
476,matnud,S,S,N
477,.,Z,Z,Z
478,pärast,K,K,K
479,rongist,S,S,Z
480,põgenemist,S,S,P
481,oli,V,V,V
482,ta,P,P,P
483,sapööri,S,S,V
484,mitu,P,P,P
485,tundi,S,S,S
486,talutanud,S,S,K
487,",",Z,Z,Z
488,nad,P,P,P
489,olid,V,V,V
490,püüdnud,V,V,V
491,raudteest,S,S,D
492,võimalikult,D,D,D
493,kaugele,D,D,D
494,jõuda,V,V,V
495,.,Z,Z,Z
496,valu,S,S,S
497,pärast,K,K,K
498,huuli,S,S,S
499,puredes,S,S,Z
500,ja,J,J,J
501,temale,P,P,P
502,toetudes,V,V,V
503,oli,V,V,V
504,sergei,S,S,S
505,algul,K,D,D
506,oma,P,P,P
507,tervel,A,A,A
508,jalal,S,S,S
509,vapralt,D,D,D
510,hüpanud,S,S,V
511,",",Z,Z,Z
512,hiljem,D,D,D
513,aga,J,J,J
514,väsinud,A,A,A
515,",",Z,Z,Z
516,ent,J,J,J
517,teda,P,P,P
518,tagant,D,D,K
519,kihutanud,A,A,A
520,",",Z,Z,Z
521,muudkui,D,D,D
522,lähme,V,V,V
523,ja,J,J,J
524,lähme,V,V,V
525,.,Z,Z,Z
526,viimaks,D,D,D
527,olid,V,V,V
528,nad,P,P,P
529,pugenud,V,V,A
530,heinakuhja,S,S,S
531,",",Z,Z,Z
532,et,J,J,J
533,sooja,A,A,S
534,saada,V,V,V
535,",",Z,Z,Z
536,ööd,S,S,S
537,olid,V,V,V
538,alles,D,D,D
539,külmad,A,A,A
540,.,Z,Z,Z
541,heinakuhjas,S,S,N
542,",",Z,Z,Z
543,tihedasti,D,D,D
544,teineteise,P,P,P
545,kõrval,K,K,K
546,lamades,V,V,V
547,oli,V,V,V
548,neil,P,P,P
549,tõepoolest,D,D,D
550,soojem,A,A,A
551,hakanud,V,V,V
552,.,Z,Z,Z
553,sergei,S,S,S
554,oli,V,V,V
555,kõnelnud,V,V,V
556,",",Z,Z,Z
557,et,J,J,J
558,ka,D,D,D
559,teised,P,P,P
560,hüppasid,V,V,V
561,",",Z,Z,Z
562,pisut,D,D,D
563,hiljem,D,D,D
564,küll,D,D,D
565,",",Z,Z,Z
566,ent,J,J,J
567,hüppasid,V,V,V
568,",",Z,Z,Z
569,ta,P,P,P
570,olevat,V,V,V
571,näinud,V,V,V
572,",",Z,Z,Z
573,oma,P,P,P
574,silmadega,S,S,S
575,näinud,V,V,V
576,",",Z,Z,Z
577,enne,D,D,D
578,kui,J,J,J
579,rong,S,S,S
580,käänaku,S,S,S
581,taha,K,K,K
582,kadus,V,V,V
583,.,Z,Z,Z
584,tema,P,P,P
585,",",Z,Z,Z
586,feodor,S,S,N
587,",",Z,Z,Z
588,polnud,V,V,V
589,märganud,V,V,V
590,",",Z,Z,Z
591,millal,D,D,D
592,sergei,S,S,S
593,ta,P,P,P
594,kõrvalt,D,D,D
595,ära,D,D,D
596,kadus,V,V,V
597,.,Z,Z,Z
598,talle,P,P,P
599,oli,V,V,V
600,kõige,D,D,D
601,rohkem,D,D,D
602,mõjunud,V,V,V
603,see,P,P,P
604,",",Z,Z,Z
605,et,J,J,J
606,sergei,S,S,S
607,pooleldi,D,D,D
608,seisis,V,V,V
609,",",Z,Z,Z
610,pooleldi,D,D,D
611,rippus,V,V,V
612,silmuses,S,S,D
613,alasti,D,D,D
614,.,Z,Z,Z
615,silmuse,S,S,P
616,oli,V,V,V
617,sergei,S,S,S
618,keeranud,V,V,V
619,oma,P,P,P
620,aluspükstest,S,S,S
621,ja,J,J,J
622,särgist,S,S,S
623,",",Z,Z,Z
624,triibulised,S,S,J
625,vangiriided,S,S,P
626,heitnud,A,V,V
627,aga,J,J,J
628,eemale,D,D,D
629,.,Z,Z,Z
630,ju,D,D,D
631,ta,P,P,P
632,oli,V,V,V
633,tahtnud,V,V,V
634,surra,V,V,V
635,vaba,A,A,A
636,inimesena,S,S,S
637,.,Z,Z,Z
638,feodor,S,S,P
639,oli,V,V,V
640,sergei,S,S,S
641,silmusest,S,S,K
642,vabastanud,V,V,V
643,ja,J,J,J
644,kuuseokste,S,S,P
645,alla,K,K,K
646,matnud,S,S,N
647,",",Z,Z,Z
648,hauda,S,S,S
649,ei,V,V,V
650,suutnud,V,V,V
651,ta,P,P,P
652,kaevata,V,V,V
653,",",Z,Z,Z
654,maa,S,S,S
655,oli,V,V,V
656,alles,D,D,D
657,tugevasti,D,D,D
658,külmunud,A,A,A
659,.,Z,Z,Z
660,seejuures,D,D,D
661,oli,V,V,V
662,ta,P,P,P
663,nutnud,V,V,V
664,",",Z,Z,Z
665,ise,P,P,P
666,seda,P,P,P
667,õieti,D,D,D
668,märkamata,V,V,V
669,",",Z,Z,Z
670,nutnud,V,V,V
671,ja,J,J,J
672,tundnud,V,V,V
673,hingematvat,A,A,A
674,masendust,S,S,S
675,.,Z,Z,Z
676,tal,P,P,P
677,oli,V,V,V
678,tekkinud,V,V,A
679,tahtmine,S,S,S
680,teha,V,V,V
681,sedasama,P,P,P
682,",",Z,Z,Z
683,mida,P,P,P
684,sergei,S,S,S
685,oli,V,V,V
686,teinud,V,V,V
687,",",Z,Z,Z
688,oli,V,V,V
689,aga,J,J,J
690,endast,P,P,P
691,võitu,S,S,S
692,saanud,V,V,V
693,.,Z,Z,Z
694,samas,D,D,D
695,oli,V,V,V
696,ta,P,P,P
697,tundnud,V,V,V
698,külmavärinaid,S,S,S
699,",",Z,Z,Z
700,kuid,J,J,J
701,sergei,S,S,S
702,kuube,S,S,S
703,ta,P,P,P
704,endale,P,P,P
705,peale,K,K,K
706,ei,V,V,V
707,tõmmanud,V,V,V
708,",",Z,Z,Z
709,õhukesed,A,A,A
710,vangihilbud,S,S,S
711,ei,V,V,V
712,anna,V,V,V
713,sooja,A,A,S
714,",",Z,Z,Z
715,olgu,V,V,V
716,neid,P,P,P
717,kui,J,J,J
718,palju,D,D,D
719,tahes,D,D,D
720,ülestikku,S,S,V
721,.,Z,Z,Z
722,juba,D,D,D
723,kaks,N,N,N
724,ööpäeva,S,S,S
725,polnud,V,V,V
726,ta,P,P,P
727,iva,S,S,S
728,hamba,S,S,S
729,alla,K,K,K
730,saanud,V,V,V
731,",",Z,Z,Z
732,näljast,S,S,S
733,kurnatud,A,A,A
734,inimene,S,S,S
735,ei,V,V,V
736,pea,V,V,V
737,kaua,D,D,D
738,pakasele,S,S,P
739,vastu,K,K,K
740,.,Z,Z,Z
741,pakast,S,S,S
742,muidugi,D,D,D
743,ei,V,V,V
744,olnud,V,V,V
745,",",Z,Z,Z
746,vahest,D,D,D
747,ainult,D,D,D
748,viis-kuus,N,N,N
749,pügalat,S,S,S
750,alla,K,D,K
751,nulli,N,N,N
752,",",Z,Z,Z
753,kuid,J,J,J
754,talle,P,P,P
755,",",Z,Z,Z
756,kes,P,P,P
757,ta,P,P,P
758,polnud,V,V,V
759,hoopiski,D,D,D
760,külmakartlik,S,S,A
761,inimene,S,S,S
762,",",Z,Z,Z
763,oli,V,V,V
764,tundunud,V,V,V
765,tol,P,P,P
766,õudsel,S,S,A
767,hommikul,S,S,S
768,niisugunegi,S,S,K
769,külm,A,A,A
770,pakasena,S,S,S
771,.,Z,Z,Z
772,ta,P,P,P
773,oli,V,V,V
774,end,P,P,P
775,liikuma,V,V,V
776,sundinud,S,S,S
777,",",Z,Z,Z
778,ta,P,P,P
779,oli,V,V,V
780,suundunud,A,A,D
781,endiselt,D,D,D
782,raudteest,S,S,V
783,kaugemale,D,D,D
784,",",Z,Z,Z
785,valides,V,V,V
786,astumisel,S,S,S
787,kohti,S,S,S
788,",",Z,Z,Z
789,kust,D,D,D
790,lumi,S,S,S
791,oli,V,V,V
792,juba,D,D,D
793,ära,D,D,D
794,sulanud,V,V,V
795,",",Z,Z,Z
796,et,J,J,J
797,ei,V,V,V
798,jääks,V,V,V
799,jälgi,S,S,S
800,.,Z,Z,Z
801,seejuures,D,D,D
802,ta,P,P,P
803,imestas,V,V,V
804,",",Z,Z,Z
805,et,J,J,J
806,neid,P,P,P
807,taga,K,K,K
808,ei,V,V,V
809,aeta,S,S,S
810,.,Z,Z,Z
811,ta,P,P,P
812,ei,V,V,V
813,mõelnud,V,V,V
814,pikemalt,D,D,D
815,selle,P,P,P
816,üle,K,D,K
817,",",Z,Z,Z
818,kõik,P,P,P
819,ta,P,P,P
820,meeled,S,S,S
821,ja,J,J,J
822,mõtted,S,S,S
823,olid,V,V,V
824,keskendunud,A,A,Z
825,ühele,N,N,N
826,",",Z,Z,Z
827,kuidas,D,D,D
828,kiiremini,D,D,D
829,edasi,D,D,D
830,jõuda,V,V,V
831,",",Z,Z,Z
832,kust,D,D,D
833,saada,V,V,V
834,midagi,P,P,P
835,hamba,S,S,S
836,alla,K,K,K
837,ja,J,J,J
838,kust,D,D,D
839,hankida,V,V,V
840,midagi,P,P,P
841,soojemat,S,S,A
842,selga,S,S,S
843,.,Z,Z,Z
844,vangitriibulistes,S,S,P
845,ei,V,V,V
846,tohtinud,V,V,V
847,ta,P,P,P
848,ühegi,P,P,P
849,inimese,S,S,S
850,silma,S,S,S
851,alla,K,K,K
852,sattuda,V,V,V
853,",",Z,Z,Z
854,ka,D,D,D
855,lapse,S,S,S
856,pilgu,S,S,S
857,ette,D,K,D
858,mitte,D,D,D
859,",",Z,Z,Z
860,sest,J,J,J
861,maakohas,S,S,S
862,levivad,V,V,V
863,jutud,S,S,S
864,suust,S,S,S
865,suhu,S,S,S
866,kiiresti,D,D,D
867,.,Z,Z,Z
868,jope,S,S,P
869,oli,V,V,V
870,ta,P,P,P
871,varastanud,V,V,V
872,reelt,S,S,S
873,",",Z,Z,Z
874,mis,P,P,P
875,seisis,V,V,V
876,puuvirna,S,S,P
877,kõrval,K,K,K
878,väikesel,A,A,A
879,metsavaheteel,S,S,S
880,",",Z,Z,Z
881,kus,D,D,D
882,oli,V,V,V
883,veel,D,D,D
884,lund,S,S,S
885,.,Z,Z,Z
886,reele,S,S,P
887,oli,V,V,V
888,laotatud,A,A,A
889,madal,A,A,A
890,koorem,S,S,S
891,halge,S,S,K
892,",",Z,Z,Z
893,ju,D,D,D
894,läks,V,V,V
895,tee,V,V,V
896,pärastpoole,D,D,D
897,halvemaks,A,A,A
898,",",Z,Z,Z
899,võis,V,V,V
900,aga,J,J,J
901,ka,D,D,D
902,päris,D,D,D
903,paljas,A,A,A
904,olla,V,V,V
905,.,Z,Z,Z
906,ree,S,S,P
907,juures,K,K,K
908,ei,V,V,V
909,märganud,V,V,V
910,ta,P,P,P
911,ühtegi,P,P,P
912,hingelist,A,A,A
913,",",Z,Z,Z
914,hobune,S,S,S
915,ainult,D,D,D
916,",",Z,Z,Z
917,kellele,P,P,P
918,oli,V,V,V
919,heinamärss,S,S,D
920,ette,D,D,D
921,riputatud,V,V,V
922,.,Z,Z,Z
923,jope,S,S,P
924,taskust,S,S,S
925,leidis,V,V,V
926,ta,P,P,P
927,söödavat,V,V,V
928,",",Z,Z,Z
929,puhtasse,S,S,Y
930,linasesse,S,S,N
931,riidesse,S,S,S
932,oli,V,V,V
933,mähitud,V,V,V
934,kaks,N,N,N
935,kääru,S,S,A
936,leiba,S,S,S
937,",",Z,Z,Z
938,mille,P,P,P
939,vahel,K,K,K
940,oli,V,V,V
941,praetud,S,S,A
942,muna,S,S,S
943,.,Z,Z,Z
944,linane,S,S,Y
945,riidetükk,S,S,N
946,",",Z,Z,Z
947,millesse,P,P,P
948,leib,S,S,S
949,oli,V,V,V
950,mähitud,V,V,V
951,",",Z,Z,Z
952,oli,V,V,V
953,teda,P,P,P
954,mõtlema,V,V,V
955,pannud,V,V,V
956,",",Z,Z,Z
957,ta,P,P,P
958,jalgu,S,S,S
959,justkui,D,D,J
960,kammitsas,S,S,P
961,hoidnud,V,V,V
962,.,Z,Z,Z
963,ta,P,P,P
964,oli,V,V,V
965,puu,S,S,S
966,taha,K,K,K
967,tõmbunud,V,V,V
968,ja,J,J,J
969,ootama,V,V,V
970,jäänud,V,V,V
971,.,Z,Z,Z
972,mugis,S,S,P
973,leiba,S,S,S
974,",",Z,Z,Z
975,kuigi,J,J,J
976,oli,V,V,V
977,otsustanud,V,V,V
978,enne,K,K,D
979,selgusele,S,S,S
980,jõudmist,S,S,S
981,mitte,D,D,D
982,ühtki,P,P,P
983,pala,S,S,S
984,hammustada,S,S,K
985,",",Z,Z,Z
986,ent,J,J,J
987,ei,V,V,V
988,suutnud,V,V,V
989,ennast,P,P,P
990,tagasi,D,D,D
991,hoida,V,V,V
992,.,Z,Z,Z
993,mugis,S,S,P
994,leiba,S,S,S
995,ja,J,J,J
996,piilus,V,V,V
997,läbi,D,K,D
998,okste,S,S,S
999,.,Z,Z,Z
1000,ta,P,P,P
1001,polnud,V,V,V
1002,eksinud,V,V,V
1003,",",Z,Z,Z
1004,ta,P,P,P
1005,polnud,V,V,V
1006,kuube,S,S,S
1007,mitte,D,D,D
1008,mehe,S,S,S
1009,",",Z,Z,Z
1010,vaid,J,J,J
1011,naise,S,S,S
1012,tagant,K,K,K
1013,varastanud,V,V,V
1014,",",Z,Z,Z
1015,kuigi,J,J,J
1016,kuub,S,S,S
1017,",",Z,Z,Z
1018,see,P,P,P
1019,tähendab,V,V,V
1020,",",Z,Z,Z
1021,maavillasest,S,S,T
1022,riidest,S,S,T
1023,vateeritud,S,S,T
1024,jopp,S,S,T
1025,",",Z,Z,Z
1026,oli,V,V,V
1027,mehe,S,S,S
1028,oma,P,P,P
1029,.,Z,Z,Z
1030,keskealine,A,A,A
1031,naine,S,S,S
1032,",",Z,Z,Z
1033,kellel,P,P,P
1034,oli,V,V,V
1035,seljas,S,S,S
1036,allakeeratud,S,S,A
1037,kraega,S,S,S
1038,paks,A,A,A
1039,kampsun,S,S,S
1040,",",Z,Z,Z
1041,mis,P,P,P
1042,paistis,V,V,V
1043,niisamuti,D,D,D
1044,meeste,S,S,S
1045,rõivatükk,S,S,K
1046,olevat,V,V,V
1047,",",Z,Z,Z
1048,otsis,V,V,V
1049,hoolikalt,D,D,D
1050,oma,P,P,P
1051,ihukatet,S,S,V
1052,",",Z,Z,Z
1053,vaatas,V,V,V
1054,nii,D,D,D
1055,ree,S,S,Z
1056,kui,J,J,J
1057,ka,D,D,D
1058,puuvirna,S,S,D
1059,taha,K,K,V
1060,",",Z,Z,Z
1061,uuris,V,V,V
1062,teraselt,D,D,D
1063,ümbrust,S,S,S
1064,",",Z,Z,Z
1065,ent,J,J,J
1066,joppi,S,S,T
1067,leidmata,S,S,T
1068,asus,V,V,T
1069,minekule,S,S,T
1070,.,Z,Z,Z
1071,siis,D,D,D
1072,oli,V,V,V
1073,ta,P,P,P
1074,metsast,S,S,S
1075,nähtavale,D,D,D
1076,ilmunud,V,A,A
1077,ja,J,J,J
1078,ettesirutatud,S,S,A
1079,käes,K,K,S
1080,kuube,S,S,S
1081,hoides,V,V,V
1082,naise,S,S,S
1083,poole,K,K,K
1084,tõtanud,S,S,N
1085,.,Z,Z,Z
1086,naine,S,S,S
1087,oli,V,V,V
1088,algul,D,D,D
1089,ehmunud,A,A,A
1090,",",Z,Z,Z
1091,end,P,P,P
1092,aga,J,J,J
1093,kiiresti,D,D,D
1094,kogunud,V,V,V
1095,ja,J,J,J
1096,ootama,V,V,V
1097,jäänud,V,V,V
1098,.,Z,Z,Z
1099,naise,S,S,S
1100,pilgust,S,S,S
1101,ja,J,J,J
1102,olekust,S,S,S
1103,oli,V,V,V
1104,ta,P,P,P
1105,aru,S,S,S
1106,saanud,V,V,V
1107,",",Z,Z,Z
1108,et,J,J,J
1109,naine,S,S,S
1110,taipas,V,V,V
1111,kõik,P,P,P
1112,.,Z,Z,Z
1113,et,J,J,J
1114,ta,P,P,P
1115,on,V,V,V
1116,ärakaranud,S,S,A
1117,vang,S,S,S
1118,.,Z,Z,Z
1119,ta,P,P,P
1120,oli,V,V,V
1121,kuue,N,N,N
1122,koormale,S,S,Z
1123,visanud,V,V,V
1124,",",Z,Z,Z
1125,leiva,S,S,S
1126,aga,J,J,J
1127,tugevamini,D,D,D
1128,pihku,S,S,S
1129,surunud,V,V,V
1130,ja,J,J,J
1131,tagasi,D,D,D
1132,metsa,S,S,S
1133,hakanud,V,V,V
1134,minema,V,V,V
1135,.,Z,Z,Z
1136,naine,S,S,S
1137,oli,V,V,V
1138,talle,P,P,P
1139,järele,D,D,D
1140,rutanud,V,V,V
1141,ja,J,J,J
1142,jope,S,S,A
1143,õlgadele,S,S,S
1144,heitnud,A,V,V
1145,.,Z,Z,Z
1146,naine,S,S,S
1147,oli,V,V,V
1148,kiiresti,D,D,D
1149,midagi,P,P,P
1150,rääkinud,V,V,V
1151,",",Z,Z,Z
1152,ta,P,P,P
1153,polnud,V,V,V
1154,naise,S,S,S
1155,jutust,S,S,S
1156,kõike,P,P,P
1157,aru,S,S,S
1158,saanud,V,V,V
1159,",",Z,Z,Z
1160,seda,P,P,P
1161,aga,J,J,J
1162,mõistnud,V,V,V
1163,",",Z,Z,Z
1164,et,J,J,J
1165,naine,S,S,S
1166,teda,P,P,P
1167,ei,V,V,V
1168,sõima,S,S,S
1169,",",Z,Z,Z
1170,vaid,J,J,J
1171,püüab,V,V,V
1172,talle,P,P,P
1173,midagi,P,P,P
1174,selgeks,A,A,A
1175,teha,V,V,V
1176,.,Z,Z,Z
1177,ta,P,P,P
1178,ei,V,V,V
1179,olnud,V,V,V
1180,seisma,V,V,V
1181,jäänud,V,V,V
1182,",",Z,Z,Z
1183,jopp,S,S,J
1184,lahtiselt,D,D,A
1185,õlgadel,S,S,S
1186,oli,V,V,V
1187,ta,P,P,P
1188,edasi,D,D,D
1189,sammunud,S,S,V
1190,.,Z,Z,Z
1191,naine,S,S,S
1192,oli,V,V,V
1193,talle,P,P,P
1194,veel,D,D,D
1195,järele,D,D,D
1196,hõiganud,S,S,V
1197,",",Z,Z,Z
1198,vist,D,D,D
1199,teda,P,P,P
1200,kaasa,D,D,D
1201,kutsunud,V,V,V
1202,",",Z,Z,Z
1203,kuid,J,J,J
1204,ta,P,P,P
1205,polnud,V,V,V
1206,peatunud,V,V,V
1207,.,Z,Z,Z
1208,mida,P,P,P
1209,kaugemale,D,D,D
1210,ta,P,P,P
1211,puukoormast,S,S,S
1212,ja,J,J,J
1213,naisest,S,S,S
1214,jõudis,V,V,V
1215,",",Z,Z,Z
1216,seda,P,P,P
1217,soojendavvalusalt,S,S,V
1218,haaras,V,V,V
1219,ta,P,P,P
1220,hinge,S,S,S
1221,headus,S,S,K
1222,",",Z,Z,Z
1223,mis,P,P,P
1224,oli,V,V,V
1225,kandnud,V,V,V
1226,naise,S,S,S
1227,tegu,S,S,S
1228,",",Z,Z,Z
1229,kaastunne,S,S,N
1230,",",Z,Z,Z
1231,mis,P,P,P
1232,oli,V,V,V
1233,õhkunud,S,S,A
1234,naise,S,S,S
1235,häälest,S,S,S
1236,.,Z,Z,Z
1237,ta,P,P,P
1238,oli,V,V,V
1239,juhtunud,V,V,V
1240,heale,A,A,A
1241,inimesele,S,S,S
1242,",",Z,Z,Z
1243,kes,P,P,P
1244,ilmselt,D,D,D
1245,oleks,V,V,V
1246,valmis,A,A,D
1247,olnud,V,V,V
1248,teda,P,P,P
1249,rohkem,D,D,D
1250,aitama,V,V,V
1251,",",Z,Z,Z
1252,ent,J,J,J
1253,ta,P,P,P
1254,ei,V,V,V
1255,tohtinud,V,V,V
1256,headusele,S,S,P
1257,vastata,V,V,V
1258,halvaga,S,S,S
1259,",",Z,Z,Z
1260,sest,J,J,J
1261,ta,P,P,P
1262,tooks,V,V,V
1263,naisele,S,S,S
1264,kaela,S,S,S
1265,ainult,D,D,D
1266,häda,S,S,S
1267,.,Z,Z,Z
1268,nagu,J,J,J
1269,ta,P,P,P
1270,oli,V,V,V
1271,häda,S,S,S
1272,kaela,S,S,S
1273,toonud,V,V,V
1274,anna,V,V,V
1275,jegorovnale,S,S,S
1276,",",Z,Z,Z
1277,kes,P,P,P
1278,oli,V,V,V
1279,talle,P,P,P
1280,öömaja,S,S,S
1281,andnud,V,V,V
1282,",",Z,Z,Z
1283,kelle,P,P,P
1284,juurest,K,K,K
1285,ta,P,P,P
1286,leiti,V,V,V
1287,ja,J,J,J
1288,kelle,P,P,P
1289,tare,S,S,V
1290,seepärast,D,D,D
1291,süüdati,S,S,V
1292,.,Z,Z,Z
1293,vangilaagris,S,S,P
1294,oli,V,V,V
1295,ta,P,P,P
1296,näinud,V,V,V
1297,nõnda,D,D,D
1298,palju,D,D,D
1299,jõhkrust,S,S,V
1300,",",Z,Z,Z
1301,toorust,S,S,Z
1302,ja,J,J,J
1303,inimlikku,A,A,A
1304,närusust,S,S,S
1305,",",Z,Z,Z
1306,et,J,J,J
1307,ta,P,P,P
1308,härdus,S,S,V
1309,.,Z,Z,Z
1310,ta,P,P,P
1311,oli,V,V,V
1312,põgenenud,V,V,A
1313,headuse,S,S,S
1314,eest,K,K,K
1315,.,Z,Z,Z
1316,hiljem,D,D,D
1317,oli,V,V,V
1318,ta,P,P,P
1319,mitu,P,P,P
1320,korda,S,S,S
1321,kahetsenud,V,V,V
1322,oma,P,P,P
1323,käitumist,S,S,S
1324,",",Z,Z,Z
1325,ent,J,J,J
1326,tookord,D,D,D
1327,ei,V,V,V
1328,saanud,V,V,V
1329,ta,P,P,P
1330,teisiti,D,D,D
1331,.,Z,Z,Z
1332,ta,P,P,P
1333,oli,V,V,V
1334,talitanud,S,S,D
1335,nii,D,D,D
1336,",",Z,Z,Z
1337,nagu,J,J,J
1338,kihutas,V,V,V
1339,teda,P,P,P
1340,tagant,D,D,K
1341,miski,P,P,P
1342,",",Z,Z,Z
1343,mis,P,P,P
1344,kees,V,V,V
1345,üles,D,D,D
1346,hinge,S,S,S
1347,sügavusest,S,S,K
1348,.,Z,Z,Z
1349,kõige,D,D,D
1350,enam,D,D,D
1351,kahetses,V,V,V
1352,ta,P,P,P
1353,seda,P,P,P
1354,",",Z,Z,Z
1355,et,J,J,J
1356,polnud,V,V,V
1357,naist,S,S,S
1358,tänanud,S,S,K
1359,",",Z,Z,Z
1360,niisuguse,P,P,P
1361,inimese,S,S,S
1362,ette,D,D,D
1363,pole,V,V,V
1364,patt,S,S,S
1365,põlviligi,S,S,K
1366,langeda,V,V,V
1367,",",Z,Z,Z
1368,et,J,J,J
1369,tänada,S,S,P
1370,mitte,D,D,D
1371,ainult,D,D,D
1372,sooja,S,S,S
1373,kuue,N,N,N
1374,",",Z,Z,Z
1375,mitte,D,D,D
1376,ainult,D,D,D
1377,leivapala,S,S,S
1378,eest,K,K,K
1379,",",Z,Z,Z
1380,vaid,J,J,J
1381,headuse,S,S,S
1382,eest,K,K,K
1383,",",Z,Z,Z
1384,millega,P,P,P
1385,teda,P,P,P
1386,",",Z,Z,Z
1387,varast,S,S,S
1388,",",Z,Z,Z
1389,oli,V,V,V
1390,koheldud,V,V,V
1391,.,Z,Z,Z
1392,naine,S,S,S
1393,ei,V,V,V
1394,näinud,V,V,V
1395,temas,P,P,P
1396,varast,S,S,S
1397,",",Z,Z,Z
1398,vaid,J,J,J
1399,õnnetut,S,S,A
1400,inimest,S,S,S
1401,.,Z,Z,Z
1402,järgnevate,A,A,A
1403,päevade,S,S,S
1404,jooksul,K,K,K
1405,oli,V,V,V
1406,ta,P,P,P
1407,elanud,V,V,V
1408,hulkuri,S,S,Z
1409,ja,J,J,J
1410,kerjuse,S,S,A
1411,elu,S,S,S
1412,.,Z,Z,Z
1413,oli,V,V,V
1414,maganud,V,V,V
1415,küünides,S,S,S
1416,",",Z,Z,Z
1417,lagunenud,A,A,A
1418,sarades,S,S,S
1419,",",Z,Z,Z
1420,puu,S,S,S
1421,varjus,K,K,K
1422,",",Z,Z,Z
1423,kuuseoksad,S,S,J
1424,külje,S,S,S
1425,all,K,K,K
1426,",",Z,Z,Z
1427,söönud,V,V,V
1428,",",Z,Z,Z
1429,mis,P,P,P
1430,pihku,S,S,S
1431,juhtus,V,V,V
1432,",",Z,Z,Z
1433,isegi,D,D,D
1434,noori,S,S,A
1435,kuusekasvusid,S,S,S
1436,",",Z,Z,Z
1437,noored,A,S,A
1438,okkad,S,S,S
1439,olid,V,V,V
1440,hapukad,S,S,S
1441,",",Z,Z,Z
1442,neid,P,P,P
1443,oli,V,V,V
1444,päris,D,D,D
1445,mõnus,A,A,A
1446,mäluda,S,S,S
1447,;,Z,Z,Z
1448,ükskord,D,D,D
1449,",",Z,Z,Z
1450,kui,J,J,J
1451,näljatunne,S,S,S
1452,väljakannatamatuks,A,A,A
1453,muutus,V,V,S
1454,",",Z,Z,Z
1455,söandas,S,S,J
1456,ta,P,P,P
1457,kehvapoolsest,S,S,V
1458,metsatalust,S,S,A
1459,leiba,S,S,S
1460,küsida,V,V,V
1461,",",Z,Z,Z
1462,paraku,D,D,D
1463,ässitati,S,S,V
1464,talle,P,P,P
1465,koer,S,S,S
1466,kallale,K,D,K
1467,.,Z,Z,Z
1468,püksid,S,S,S
1469,",",Z,Z,Z
1470,lapitud,A,A,A
1471,kodinad,S,S,S
1472,",",Z,Z,Z
1473,oli,V,V,V
1474,ta,P,P,P
1475,leidnud,V,V,V
1476,ühest,P,P,P
1477,inimtühjast,S,S,A
1478,metsatalu,S,S,S
1479,tallilakast,S,S,Z
1480,ja,J,J,J
1481,need,P,P,P
1482,ära,D,D,D
1483,tõmmanud,V,V,V
1484,.,Z,Z,Z
1485,hiljem,D,D,D
1486,oli,V,V,V
1487,liitunud,V,V,V
1488,kolme,N,N,N
1489,selliga,S,S,S
1490,",",Z,Z,Z
1491,kes,P,P,P
1492,",",Z,Z,Z
1493,nagu,J,J,J
1494,selgus,V,V,V
1495,",",Z,Z,Z
1496,polnud,V,V,V
1497,mitte,D,D,D
1498,partisanid,S,S,S
1499,ega,J,J,J
1500,põrandaalused,S,S,S
1501,",",Z,Z,Z
1502,kelleks,P,P,P
1503,ta,P,P,P
1504,neid,P,P,P
1505,oli,V,V,V
1506,pidanud,V,V,V
1507,",",Z,Z,Z
1508,vaid,J,J,J
1509,lihtsalt,D,D,D
1510,sulid,S,S,S
1511,.,Z,Z,Z
1512,või,J,J,J
1513,koguni,D,D,D
1514,temataoliste,S,S,A
1515,põgenike,S,S,S
1516,jälgi,S,S,S
1517,ajavad,V,V,V
1518,lurjused,S,S,S
1519,.,Z,Z,Z
1520,ta,P,P,P
1521,ei,V,V,V
1522,nõustunud,V,V,V
1523,osa,S,S,S
1524,võtma,V,V,V
1525,sissetungimisest,S,S,A
1526,aleviku,S,S,S
1527,serval,S,S,S
1528,asuvasse,A,A,A
1529,majja,S,S,S
1530,",",Z,Z,Z
1531,kus,D,D,D
1532,sõja,S,S,S
1533,eel,K,K,K
1534,oli,V,V,V
1535,olnud,V,V,V
1536,väike,A,A,A
1537,kauplus,S,S,S
1538,ja,J,J,J
1539,kus,D,D,D
1540,meeste,S,S,S
1541,jutu,S,S,S
1542,järgi,K,K,K
1543,olevat,V,V,V
1544,praegugi,D,D,D
1545,igasugust,P,P,P
1546,kraami,S,S,S
1547,.,Z,Z,Z
1548,sulid,S,S,S
1549,olid,V,V,V
1550,sellegi,P,P,P
1551,välja,D,D,D
1552,nuuskinud,S,S,V
1553,",",Z,Z,Z
1554,et,J,J,J
1555,majas,S,S,S
1556,elavat,V,V,V
1557,ainult,D,D,D
1558,üks,N,N,P
1559,kidur,A,A,A
1560,lombakas,S,S,S
1561,vanamees,S,S,S
1562,",",Z,Z,Z
1563,endine,A,A,A
1564,poepidaja,S,S,S
1565,",",Z,Z,Z
1566,kellest,P,P,P
1567,õiget,A,A,A
1568,vastuhakkajat,S,S,S
1569,polevat,V,V,V
1570,.,Z,Z,Z
1571,ekspluateerijat,S,S,P
1572,tuleb,V,V,V
1573,eksproprieerida,S,S,S
1574,",",Z,Z,Z
1575,oli,V,V,V
1576,teda,P,P,P
1577,veenda,V,V,V
1578,püütud,V,V,V
1579,.,Z,Z,Z
1580,ta,P,P,P
1581,oli,V,V,V
1582,järsult,D,D,D
1583,keeldunud,V,V,V
1584,läbi,D,D,D
1585,tagaakna,S,S,A
1586,majja,S,S,S
1587,tungimast,S,S,K
1588,",",Z,Z,Z
1589,kogu,A,A,A
1590,see,P,P,P
1591,ettevõtmine,S,S,S
1592,ei,V,V,V
1593,istunud,V,V,V
1594,talle,P,P,P
1595,",",Z,Z,Z
1596,ta,P,P,P
1597,oli,V,V,V
1598,hakanud,V,V,V
1599,oma,P,P,P
1600,kaaslastes,S,S,V
1601,kahtlema,V,V,V
1602,.,Z,Z,Z
1603,sulid,S,S,S
1604,saatsid,V,V,V
1605,talle,P,P,P
1606,jälile,D,D,D
1607,omakaitsemehed,S,S,V
1608,",",Z,Z,Z
1609,kes,P,P,P
1610,ta,P,P,P
1611,kinni,D,D,D
1612,võtsid,V,V,V
1613,.,Z,Z,Z
1614,viimased,A,A,A
1615,kuud,S,S,S
1616,oli,V,V,V
1617,ta,P,P,P
1618,viibinud,V,V,V
1619,kinnipidamiskohtades,S,S,S
1620,",",Z,Z,Z
1621,algul,D,D,D
1622,tapa,S,S,S
1623,politsei,S,S,S
1624,räpases,A,A,A
1625,arestikambris,S,S,S
1626,",",Z,Z,Z
1627,siis,J,J,J
1628,tallinna,S,S,S
1629,sd,S,S,A
1630,hoone,S,S,S
1631,keldris,S,S,S
1632,ja,J,J,J
1633,nüüd,D,D,D
1634,keskvanglas,S,S,V
1635,",",Z,Z,Z
1636,mida,P,P,P
1637,gestaapolased,S,S,V
1638,nimetasid,V,V,V
1639,tallinna,S,S,S
1640,töö-,S,S,S
1641,ja,J,J,J
1642,kasvatuslaagriks,S,S,A
1643,number,S,S,S
1644,üks,N,N,N
1645,.,Z,Z,Z
1646,jah,D,D,D
1647,",",Z,Z,Z
1648,teda,P,P,P
1649,peeti,V,V,V
1650,kas,D,D,D
1651,diversandiks,S,S,Z
1652,või,J,J,J
1653,spiooniks,S,S,S
1654,või,J,J,J
1655,mõlemaks,P,P,P
1656,kokku,D,D,D
1657,.,Z,Z,Z
1658,kahtlus,S,S,S
1659,",",Z,Z,Z
1660,et,J,J,J
1661,tema,P,P,P
1662,näol,S,S,K
1663,on,V,V,V
1664,tegemist,S,S,S
1665,nõukogude,S,S,S
1666,luurajaga,S,S,K
1667,",",Z,Z,Z
1668,käis,V,V,V
1669,temaga,P,P,P
1670,tapast,S,S,S
1671,alates,V,V,K
1672,.,Z,Z,Z
1673,ilmselt,D,D,D
1674,olid,V,V,V
1675,hulkurid,S,S,Z
1676,tema,P,P,P
1677,kohta,K,K,K
1678,midagi,P,P,P
1679,kokku,D,D,D
1680,luuletanud,S,S,V
1681,.,Z,Z,Z
1682,keeldumise,S,S,S
1683,eest,K,K,K
1684,oli,V,V,V
1685,talle,P,P,P
1686,julmalt,D,D,D
1687,kätte,S,S,S
1688,makstud,A,A,A
1689,.,Z,Z,Z
1690,ta,P,P,P
1691,needis,S,S,V
1692,ennast,P,P,P
1693,ja,J,J,J
1694,oma,P,P,P
1695,pimedust,S,S,S
1696,",",Z,Z,Z
1697,et,J,J,J
1698,oli,V,V,V
1699,kaabakatega,S,S,D
1700,kampa,S,S,D
1701,löönud,V,V,V
1702,",",Z,Z,Z
1703,et,J,J,J
1704,oli,V,V,V
1705,näruseid,S,S,S
1706,vargapoisse,S,S,Z
1707,ja,J,J,J
1708,riisujaid,S,S,S
1709,või,J,J,J
1710,koguni,D,D,D
1711,nuuskureid,S,S,V
1712,partisanideks,S,S,P
1713,pidanud,V,V,V
1714,.,Z,Z,Z
1715,aga,J,J,J
1716,ka,D,D,D
1717,sellepärast,D,D,D
1718,",",Z,Z,Z
1719,et,J,J,J
1720,ta,P,P,P
1721,asjatult,D,D,D
1722,päevi,S,S,S
1723,raiskas,V,V,V
1724,",",Z,Z,Z
1725,liiga,D,D,D
1726,palju,D,D,D
1727,tähelepanu,S,S,S
1728,pööras,V,V,V
1729,oma,P,P,P
1730,heaolule,S,S,V
1731,",",Z,Z,Z
1732,et,J,J,J
1733,ta,P,P,P
1734,tunde,S,S,S
1735,kaotamata,S,S,A
1736,rinde,S,S,S
1737,poole,K,K,K
1738,ei,V,V,V
1739,rühkinud,S,S,S
1740,.,Z,Z,Z
1741,ikka,D,D,D
1742,ja,J,J,J
1743,jälle,D,D,D
1744,oli,V,V,V
1745,ta,P,P,P
1746,ennast,P,P,P
1747,süüdistanud,S,S,V
1748,.,Z,Z,Z
1749,ka,D,D,D
1750,nüüd,D,D,D
1751,",",Z,Z,Z
1752,ka,D,D,D
1753,praegu,D,D,D
1754,.,Z,Z,Z
1755,nüüd,D,D,D
1756,veel,D,D,D
1757,rohkem,D,D,D
1758,kui,J,J,J
1759,varem,D,D,D
1760,",",Z,Z,Z
1761,kui,J,J,J
1762,ta,P,P,P
1763,oli,V,V,V
1764,veel,D,D,D
1765,lootnud,V,V,V
1766,",",Z,Z,Z
1767,et,J,J,J
1768,teda,P,P,P
1769,siit,D,D,D
1770,vanglast,S,S,S
1771,edasi,D,D,D
1772,saadetakse,V,V,V
1773,.,Z,Z,Z
1774,mõnes,P,P,P
1775,kiiruga,S,S,S
1776,laagriks,S,S,Z
1777,kohendatud,S,S,J
1778,turbarabas,S,S,P
1779,võiks,V,V,V
1780,tõepoolest,D,D,D
1781,põgenemisvõimalus,S,S,A
1782,avaneda,S,S,S
1783,",",Z,Z,Z
1784,siit,D,D,D
1785,tal,P,P,P
1786,enam,D,D,D
1787,pääsu,S,S,S
1788,pole,V,V,V
1789,.,Z,Z,Z
1790,samas,D,D,D
1791,tabas,V,V,V
1792,ta,P,P,P
1793,endalt,P,P,P
1794,habemiku,S,S,A
1795,pilgu,S,S,S
1796,.,Z,Z,Z
1797,ruum,S,S,S
1798,oli,V,V,V
1799,küll,D,D,D
1800,hämar,A,A,A
1801,",",Z,Z,Z
1802,ent,J,J,J
1803,feodor,S,S,P
1804,nägi,V,V,V
1805,teise,P,P,P
1806,silmi,S,S,S
1807,.,Z,Z,Z
1808,vähemalt,D,D,D
1809,uskus,V,V,V
1810,nägevat,V,V,V
1811,.,Z,Z,Z
1812,kuigi,J,J,J
1813,ta,P,P,P
1814,teadis,V,V,V
1815,nüüd,D,D,D
1816,habemiku,S,S,A
1817,nime,S,S,S
1818,",",Z,Z,Z
1819,jäi,V,V,V
1820,too,P,P,P
1821,talle,P,P,P
1822,endiselt,D,D,D
1823,habemikuks,S,S,V
1824,",",Z,Z,Z
1825,nagu,J,J,J
1826,ta,P,P,P
1827,oli,V,V,V
1828,sellest,P,P,P
1829,mehest,S,S,S
1830,mõtlema,V,V,V
1831,hakanud,V,V,V
1832,.,Z,Z,Z
1833,ta,P,P,P
1834,oli,V,V,V
1835,endale,P,P,P
1836,teiste,P,P,P
1837,vahele,K,K,K
1838,põrandale,S,S,S
1839,ruumi,S,S,S
1840,teinud,V,V,V
1841,",",Z,Z,Z
1842,pikali,D,D,D
1843,polnud,V,V,V
1844,ta,P,P,P
1845,veel,D,D,D
1846,heitnud,V,V,V
1847,",",Z,Z,Z
1848,vaid,J,J,J
1849,istus,V,V,V
1850,alles,D,D,D
1851,.,Z,Z,Z
1852,habemik,S,S,N
1853,",",Z,Z,Z
1854,külitas,S,S,J
1855,naril,S,S,S
1856,",",Z,Z,Z
1857,käsi,S,S,S
1858,pea,S,S,S
1859,all,K,K,K
1860,",",Z,Z,Z
1861,silmad,S,S,S
1862,avatud,V,V,V
1863,.,Z,Z,Z
1864,ilmselt,D,D,D
1865,ei,V,V,V
1866,tulnud,V,V,V
1867,habemikul,S,S,A
1868,und,S,S,S
1869,",",Z,Z,Z
1870,võib-olla,D,D,D
1871,kirus,V,V,V
1872,ka,D,D,D
1873,habemik,S,S,V
1874,ennast,P,P,P
1875,",",Z,Z,Z
1876,mõne,P,P,P
1877,ettevaatamatu,A,A,A
1878,sammu,S,S,S
1879,või,J,J,J
1880,tegemata,V,V,V
1881,jäänud,V,V,V
1882,teo,S,S,S
1883,pärast,K,K,K
1884,.,Z,Z,Z
1885,koguni,D,D,D
1886,niisugune,P,P,P
1887,mõte,S,S,S
1888,sähvatas,V,V,V
1889,feodoril,S,S,A
1890,peast,S,S,S
1891,läbi,D,D,K
1892,",",Z,Z,Z
1893,et,J,J,J
1894,võib-olla,D,D,D
1895,näib,V,V,V
1896,ka,D,D,D
1897,tema,P,P,P
1898,teisele,P,P,P
1899,tuttavana,A,A,A
1900,",",Z,Z,Z
1901,võib-olla,D,D,D
1902,püüab,V,V,V
1903,habemik,S,S,P
1904,meenutada,V,V,V
1905,",",Z,Z,Z
1906,kus,D,D,D
1907,nad,P,P,P
1908,on,V,V,V
1909,kohtunud,V,V,V
1910,.,Z,Z,Z
1911,kongressilt,S,S,P
1912,ei,V,V,V
1913,võinud,V,V,V
1914,ta,P,P,P
1915,habemikule,S,S,A
1916,meelde,S,S,S
1917,jääda,V,V,V
1918,.,Z,Z,Z
1919,saal,S,S,S
1920,oli,V,V,V
1921,rahvast,S,S,S
1922,täis,A,A,A
1923,",",Z,Z,Z
1924,tema,P,P,P
1925,oli,V,V,V
1926,üks,P,P,N
1927,sadade,N,N,N
1928,hulgast,K,K,K
1929,",",Z,Z,Z
1930,kuskil,D,D,D
1931,mujal,D,D,D
1932,polnud,V,V,V
1933,ta,P,P,P
1934,habemikku,S,S,V
1935,kohanud,V,V,V
1936,",",Z,Z,Z
1937,omavahel,D,D,D
1938,polnud,V,V,V
1939,nad,P,P,P
1940,mitte,D,D,D
1941,ühtegi,P,P,P
1942,sõna,S,S,S
1943,vahetanud,V,V,V
1944,.,Z,Z,Z
1945,"""",Z,Z,Z
1946,net,S,S,N
1947,!,Z,Z,Z
1948,"""",Z,Z,Z
1949,jällegi,D,D,D
1950,meenus,V,V,V
1951,feodorile,S,S,Z
1952,see,P,P,P
1953,sõna,S,S,S
1954,.,Z,Z,Z
1955,seda,P,P,P
1956,lühikest,A,A,A
1957,",",Z,Z,Z
1958,kolmetähelist,S,S,J
1959,sõna,S,S,S
1960,polnud,V,V,V
1961,kõnepuldist,S,S,D
1962,lausutud,A,A,A
1963,",",Z,Z,Z
1964,selle,P,P,P
1965,oli,V,V,V
1966,tema,P,P,P
1967,saalist,S,S,S
1968,hüüdnud,V,V,V
1969,.,Z,Z,Z
1970,delegaadile,S,S,N
1971,",",Z,Z,Z
1972,kes,P,P,P
1973,oli,V,V,V
1974,tribüünilt,S,S,S
1975,habemikku,S,S,K
1976,kaitsnud,A,A,V
1977,.,Z,Z,Z
1978,väitnud,V,V,V
1979,",",Z,Z,Z
1980,et,J,J,J
1981,too,P,P,P
1982,suudab,V,V,V
1983,partei,S,S,S
1984,suurte,A,A,A
1985,eesmärkide,S,S,S
1986,heaks,K,D,K
1987,palju,D,D,D
1988,ära,D,D,D
1989,teha,V,V,V
1990,.,Z,Z,Z
1991,siis,D,D,D
1992,ta,P,P,P
1993,oli,V,V,V
1994,hüüdnudki,S,S,Z
1995,oma,P,P,P
1996,kohalt,S,S,S
1997,üle,K,K,K
1998,saali,S,S,S
1999,:,Z,Z,Z
2000,"""",Z,Z,Z
2001,net,S,S,N
2002,!,Z,Z,Z
2003,"""",Z,Z,Z
2004,ta,P,P,P
2005,polnud,V,V,V
2006,uskunud,V,V,V
2007,kõnelejat,S,S,S
2008,",",Z,Z,Z
2009,ta,P,P,P
2010,oli,V,V,V
2011,umbusaldanud,S,S,Z
2012,habemikku,S,S,N
2013,.,Z,Z,Z
2014,kuigi,J,J,J
2015,ta,P,P,P
2016,ei,V,V,V
2017,olnud,V,V,V
2018,delegaat,S,S,S
2019,",",Z,Z,Z
2020,polnud,V,V,V
2021,ta,P,P,P
2022,end,P,P,P
2023,talitseda,V,V,V
2024,suutnud,V,V,V
2025,",",Z,Z,Z
2026,ta,P,P,P
2027,oli,V,V,V
2028,spontaanselt,D,D,D
2029,väljendanud,V,V,V
2030,",",Z,Z,Z
2031,mida,P,P,P
2032,tundis,V,V,V
2033,.,Z,Z,Z
2034,ta,P,P,P
2035,oli,V,V,V
2036,jälle,D,D,D
2037,kord,S,S,D
2038,ülemäära,D,D,D
2039,keevaline,S,S,D
2040,olnud,V,V,V
2041,.,Z,Z,Z
2042,habemiku,S,S,P
2043,pilk,S,S,S
2044,viibis,V,V,V
2045,ikka,D,D,D
2046,veel,D,D,D
2047,temal,P,P,P
2048,.,Z,Z,Z
2049,feodor,S,S,P
2050,ei,V,V,V
2051,keeranud,V,V,V
2052,oma,P,P,P
2053,silmi,S,S,S
2054,kõrvale,D,D,K
2055,",",Z,Z,Z
2056,nende,P,P,P
2057,pilgud,S,S,S
2058,kohtusid,V,V,V
2059,.,Z,Z,Z
2060,siis,D,D,D
2061,tõusis,V,V,V
2062,üks,P,P,P
2063,lamajaist,S,S,V
2064,",",Z,Z,Z
2065,et,J,J,J
2066,minna,V,V,V
2067,paraski,S,S,S
2068,juurde,K,K,K
2069,",",Z,Z,Z
2070,ja,J,J,J
2071,varjas,V,V,V
2072,oma,P,P,P
2073,kehaga,S,S,S
2074,habemikku,S,S,K
2075,.,Z,Z,Z
2076,kui,J,J,J
2077,vang,S,S,S
2078,",",Z,Z,Z
2079,kes,P,P,P
2080,iga,P,P,P
2081,paari,N,N,N
2082,tunni,S,S,S
2083,järel,K,K,K
2084,paraskit,S,S,P
2085,kasutas,V,V,V
2086,-,Z,Z,Z
2087,kas,D,D,D
2088,olid,V,V,V
2089,ta,P,P,P
2090,neerud,S,S,S
2091,vigaseks,A,A,A
2092,nuuditatud,S,S,S
2093,või,J,J,J
2094,oli,V,V,V
2095,ta,P,P,P
2096,oma,P,P,P
2097,põie,S,S,S
2098,ära,D,D,D
2099,külmetanud,V,V,V
2100,-,Z,Z,Z
2101,",",Z,Z,Z
2102,edasi,D,D,D
2103,liikus,V,V,V
2104,ja,J,J,J
2105,ta,P,P,P
2106,uuesti,D,D,D
2107,habemikku,S,S,D
2108,nägi,V,V,V
2109,",",Z,Z,Z
2110,oli,V,V,V
2111,see,P,P,P
2112,oma,P,P,P
2113,pilgu,S,S,S
2114,mujale,D,D,D
2115,keeranud,V,V,V
2116,.,Z,Z,Z
2117,ei,V,V,V
2118,",",Z,Z,Z
2119,ta,P,P,P
2120,oli,V,V,V
2121,oma,P,P,P
2122,silmad,S,S,S
2123,sulgenud,S,S,K
2124,.,Z,Z,Z
2125,niipalju,D,D,D
2126,kui,J,J,J
2127,feodori,S,S,A
2128,pilk,S,S,S
2129,hämaras,A,A,A
2130,valguses,S,S,S
2131,seletas,V,V,V
2132,",",Z,Z,Z
2133,ei,V,V,V
2134,olnud,V,V,V
2135,habemik,S,S,Z
2136,teisele,P,P,P
2137,küljele,S,S,S
2138,pööranud,V,V,V
2139,.,Z,Z,Z
2140,kuna,J,J,J
2141,ta,P,P,P
2142,enam,D,D,D
2143,teise,P,P,P
2144,pilku,S,S,S
2145,ei,V,V,V
2146,kohanud,V,V,V
2147,ega,J,J,J
2148,ka,D,D,D
2149,teise,P,P,P
2150,silmi,S,S,S
2151,ei,V,V,V
2152,näinud,V,V,V
2153,",",Z,Z,Z
2154,järeldas,V,V,V
2155,feodor,S,S,S
2156,",",Z,Z,Z
2157,et,J,J,J
2158,habemik,S,S,P
2159,oli,V,V,V
2160,oma,P,P,P
2161,silmad,S,S,S
2162,sulgenud,S,S,K
2163,.,Z,Z,Z
2164,feodorile,S,S,P
2165,tundus,V,V,V
2166,",",Z,Z,Z
2167,et,J,J,J
2168,habemik,S,S,P
2169,polnud,V,V,V
2170,uinunud,A,A,A
2171,",",Z,Z,Z
2172,vaid,J,J,J
2173,lamas,V,V,V
2174,kinnisilmi,D,D,D
2175,.,Z,Z,Z
2176,mida,P,P,P
2177,ta,P,P,P
2178,mõtleb,V,V,V
2179,",",Z,Z,Z
2180,mis,P,P,P
2181,teda,P,P,P
2182,vaevab,V,V,V
2183,?,Z,Z,Z
2184,ka,D,D,D
2185,temal,P,P,P
2186,",",Z,Z,Z
2187,feodoril,S,S,N
2188,",",Z,Z,Z
2189,ei,V,V,V
2190,tulnud,V,V,V
2191,und,S,S,S
2192,.,Z,Z,Z
2193,mõtted,S,S,S
2194,keerlesid,V,V,V
2195,habemiku,S,S,P
2196,ümber,K,K,K
2197,.,Z,Z,Z
2198,kuidas,D,D,D
2199,habemik,S,S,D
2200,fašistide,S,S,A
2201,küüsi,K,K,S
2202,sattus,V,V,V
2203,?,Z,Z,Z
2204,kas,D,D,D
2205,ta,P,P,P
2206,ei,V,V,V
2207,saanud,V,V,V
2208,või,J,J,J
2209,koguni,D,D,D
2210,ei,V,V,V
2211,tahtnud,V,V,V
2212,evakueeruda,S,S,S
2213,?,Z,Z,Z
2214,feodor,S,S,P
2215,teadis,V,V,V
2216,",",Z,Z,Z
2217,et,J,J,J
2218,viimased,A,A,A
2219,tallinna,S,S,S
2220,jäänud,V,A,V
2221,nõukogude,S,S,S
2222,aktivistid,S,S,Z
2223,nagu,J,J,J
2224,ka,D,D,D
2225,tallinna,S,S,S
2226,kaitsnud,A,A,A
2227,väeosad,S,S,S
2228,jätsid,V,V,V
2229,tallinna,S,S,S
2230,maha,D,D,D
2231,augusti,S,S,S
2232,lõpul,S,S,S
2233,.,Z,Z,Z
2234,mispärast,D,D,D
2235,habemik,S,S,A
2236,eestisse,S,S,S
2237,jäi,V,V,V
2238,",",Z,Z,Z
2239,mispärast,D,D,D
2240,ta,P,P,P
2241,ei,V,V,V
2242,lahkunud,V,V,V
2243,?,Z,Z,Z
2244,merd,S,S,S
2245,kaudu,K,K,K
2246,evakueerusid,S,S,Z
2247,tuhanded,N,N,N
2248,eestlased,S,S,S
2249,.,Z,Z,Z
2250,feodor,S,S,P
2251,tabas,V,V,V
2252,end,P,P,P
2253,uuesti,D,D,D
2254,sellelt,P,P,P
2255,",",Z,Z,Z
2256,et,J,J,J
2257,ta,P,P,P
2258,on,V,V,V
2259,valmis,A,A,D
2260,kahtlustama,V,V,V
2261,inimest,S,S,S
2262,",",Z,Z,Z
2263,keda,P,P,P
2264,ta,P,P,P
2265,teab,V,V,V
2266,küll,D,D,D
2267,näo,S,S,S
2268,ja,J,J,J
2269,nime,S,S,S
2270,järgi,K,K,K
2271,",",Z,Z,Z
2272,ent,J,J,J
2273,tegelikult,D,D,D
2274,üldsegi,D,D,D
2275,mitte,D,D,D
2276,ei,V,V,V
2277,tunne,S,V,S
2278,.,Z,Z,Z
2279,ei,V,V,V
2280,",",Z,Z,Z
2281,ütles,V,V,V
2282,feodor,S,S,Z
2283,endale,P,P,P
2284,",",Z,Z,Z
2285,siis,J,D,D
2286,",",Z,Z,Z
2287,kui,J,J,J
2288,ta,P,P,P
2289,üle,K,K,K
2290,saali,S,S,S
2291,karjus,V,V,V
2292,",",Z,Z,Z
2293,siis,J,J,J
2294,ta,P,P,P
2295,ei,V,V,V
2296,tundnud,V,V,V
2297,habemikku,S,S,S
2298,",",Z,Z,Z
2299,nüüd,D,D,D
2300,aga,J,J,J
2301,tunneb,V,V,V
2302,.,Z,Z,Z
2303,surmamõistetute,S,S,P
2304,kongis,S,S,S
2305,avaneb,V,V,V
2306,kiiresti,D,D,D
2307,inimeste,S,S,S
2308,põhiolemus,S,S,K
2309,.,Z,Z,Z
2310,see,P,P,P
2311,avaneb,V,V,V
2312,kõige,D,D,D
2313,igapäevasemas,S,S,A
2314,käitumises,S,S,S
2315,",",Z,Z,Z
2316,inimese,S,S,S
2317,hoiakus,S,S,S
2318,",",Z,Z,Z
2319,tema,P,P,P
2320,silmades,S,S,S
2321,ja,J,J,J
2322,hääletoonis,S,S,S
2323,",",Z,Z,Z
2324,jutus,S,S,S
2325,",",Z,Z,Z
2326,mis,P,P,P
2327,hingepõhjast,S,S,A
2328,keelele,S,S,S
2329,kerkib,V,V,V
2330,.,Z,Z,Z
2331,habemik,S,S,P
2332,on,V,V,V
2333,võitleja,S,S,S
2334,",",Z,Z,Z
2335,võitleja,S,S,S
2336,viimse,A,A,A
2337,südametukseni,S,S,S
2338,.,Z,Z,Z
2339,mitte,D,D,D
2340,ainult,D,D,D
2341,võitleja,S,S,S
2342,",",Z,Z,Z
2343,vaid,J,J,J
2344,kangelane,S,S,S
2345,",",Z,Z,Z
2346,nagu,J,J,J
2347,oli,V,V,V
2348,öelnud,V,V,V
2349,kongressil,S,S,S
2350,habemikku,S,S,K
2351,kaitsev,A,A,A
2352,ja,J,J,J
2353,toetav,S,S,A
2354,kõneleja,S,S,S
2355,",",Z,Z,Z
2356,kelle,P,P,P
2357,sõnu,S,S,S
2358,ta,P,P,P
2359,oli,V,V,V
2360,tühjadeks,S,S,P
2361,pidanud,V,V,V
2362,.,Z,Z,Z
2363,kuidas,D,D,D
2364,ka,D,D,D
2365,habemik,S,S,D
2366,hitlerlaste,S,S,A
2367,pihku,S,S,S
2368,ei,V,V,V
2369,sattunud,V,V,V
2370,",",Z,Z,Z
2371,see,P,P,P
2372,ei,V,V,V
2373,oma,P,P,P
2374,tähtsust,S,S,S
2375,.,Z,Z,Z
2376,ta,P,P,P
2377,võis,V,V,V
2378,lõuna-eestis,S,S,S
2379,täita,V,V,V
2380,mingit,P,P,P
2381,ülesannet,S,S,S
2382,ja,J,J,J
2383,osutuda,V,V,V
2384,omadest,P,P,P
2385,äralõigatuks,S,S,V
2386,.,Z,Z,Z
2387,teda,P,P,P
2388,võidi,V,V,V
2389,ka,D,D,D
2390,eestisse,S,S,S
2391,põranda,S,S,S
2392,alla,K,K,K
2393,jätta,V,V,V
2394,.,Z,Z,Z
2395,feodor,S,S,P
2396,teadis,V,V,V
2397,",",Z,Z,Z
2398,et,J,J,J
2399,põrandaalust,A,A,A
2400,valmistati,V,V,V
2401,ette,D,D,D
2402,.,Z,Z,Z
2403,hiiumaalgi,S,S,Y
2404,peideti,S,S,N
2405,relvi,S,S,S
2406,mahajäetavaile,S,S,K
2407,.,Z,Z,Z
